Workbook

Sheet E
A1: E
A2: 項目 | B2: 評価① | C2: 評価② | D2: 評価③ | E2: 評価④ | F2: 評価⑤ | G2: コメント
A3: 操嵩のアナテマ・ダストデイズ
A4: 氷界の鹿王
A5: 凍矢の射手
A6: 害意の拡大
A7: 緑風のレイピア使い
A8: 弓兵の采配者
A9: 憂慮の縮小
A10: グロースベア
A11: エルフトラッパー
A12: マインドシフト
A13: クラス評価

Sheet R
A1: R
A2: 項目 | B2: 評価① | C2: 評価② | D2: 評価③ | E2: 評価④ | F2: 評価⑤ | G2: コメント
A3: 統音のアナテマ・ギルダリア
A4: 寛厳の音帥・セザール
A5: 響爪の分班長
A6: 静粛齎す抜刀
A7: 聴略の諜報兵
A8: 斬奏の衛生兵
A9: 無音の包囲
A10: 曲走の工兵
A11: 調伝の連絡兵
A12: 彼我の調律
A13: クラス評価

Sheet W
A1: W
A2: 項目 | B2: 評価① | C2: 評価② | D2: 評価③ | E2: 評価④ | F2: 評価⑤ | G2: コメント
A3: 万食のアナテマ・ララアンセム
A4: ラブリーマスターピース
A5: スウィートエンティティ
A6: グラトンスペル
A7: チャーミングモンスター
A8: プリティープレデター
A9: 暴食の間食
A10: ディンキークリーチャー
A11: リトルビースト
A12: スレイヴコール
A13: クラス評価

Sheet D
A1: D
A2: 項目 | B2: 評価① | C2: 評価② | D2: 評価③ | E2: 評価④ | F2: 評価⑤ | G2: コメント
A3: 焦灰のアナテマ・バーンドナイト
A4: 龍谷のエルダードラゴン
A5: ドラゴニュートの先導者
A6: 黒炎の奔流
A7: 豪龍の門番
A8: ドラゴニックサーバー
A9: 焦龍の午睡
A10: 喧伝の龍人
A11: キャリーワイバーン
A12: 退屈な睥睨
A13: クラス評価

Sheet Ni
A1: Ni
A2: 項目 | B2: 評価① | C2: 評価② | D2: 評価③ | E2: 評価④ | F2: 評価⑤ | G2: コメント
A3: 傍死のアナテマ・徒姫
A4: デッドプレゼンター・マクミラン
A5: テイマースケルトン
A6: 夜の唱のライブ
A7: タイトロープキャット
A8: ジャグラークロウ
A9: 青春の謳歌
A10: ヴァンプキーボード・ルルミ
A11: デーモンドラム・ラズ
A12: ソウルチューニング
A13: クラス評価

Sheet B
A1: B
A2: 項目 | B2: 評価① | C2: 評価② | D2: 評価③ | E2: 評価④ | F2: 評価⑤ | G2: コメント
A3: 裁神のアナテマ・ロデオ
A4: アドアマネージャー・イニシア
A5: 審理の守衛
A6: 海蝕の三叉槍
A7: ホーリープランナー
A8: 伝達の聖鳥
A9: 無欠の時計
A10: 営利の支援者
A11: ブロードミッショナリー
A12: 陽光の耳飾り
A13: クラス評価

Sheet Nm
A1: Nm
A2: 項目 | B2: 評価① | C2: 評価② | D2: 評価③ | E2: 評価④ | F2: 評価⑤ | G2: コメント
A3: 虚刻のアナテマ・スカーレット
A4: 奮励の追走・ミュー
A5: ワイルドキャスター
A6: テレポートスラッシュ
A7: チルスケーター
A8: ボールドペインター
A9: フラッシュブリンク
A10: エッジーマスター
A11: ドープダンサー
A12: ストリートラン
A13: クラス評価

Sheet N
A1: N
A2: 項目 | B2: 評価① | C2: 評価② | D2: 評価③ | E2: 評価④ | F2: 評価⑤ | G2: コメント
A3: 特記標的・ヘイレムハニィ
A4: バベロンメイヤー・エルタロ
A5: 享楽の上位市民
A6: バベロンシティ
A7: ゴッズレポーター
A8: s2
A9: s3
A10: ピュアリィキッズ
A11: 退廃の涙
A12: b3
A13: クラス評価

Sheet ふりかえり
A1: 評価ふりかえり | AA1: 評価ふりかえり | AB1: 評価ふりかえり | AC1: 評価ふりかえり | AD1: 評価ふりかえり | AE1: 評価ふりかえり | AF1: 評価ふりかえり | AG1: 評価ふりかえり | AH1: 評価ふりかえり | AI1: 評価ふりかえり | AJ1: 評価ふりかえり | AK1: 評価ふりかえり | AL1: 評価ふりかえり | AM1: 評価ふりかえり | AN1: 評価ふりかえり | AO1: 評価ふりかえり
A2: 項目 | B2: E | G2: R | L2: W | Q2: D | V2: Ni | AA2: B | AF2: Nm | AK2: N
B3: 評価① | C3: 評価② | D3: 評価③ | E3: 評価④ | F3: 評価⑤ | G3: 評価① | H3: 評価② | I3: 評価③ | J3: 評価④ | K3: 評価⑤ | L3: 評価① | M3: 評価② | N3: 評価③ | O3: 評価④ | P3: 評価⑤ | Q3: 評価① | R3: 評価② | S3: 評価③ | T3: 評価④ | U3: 評価⑤ | V3: 評価① | W3: 評価② | X3: 評価③ | Y3: 評価④ | Z3: 評価⑤ | AA3: 評価① | AB3: 評価② | AC3: 評価③ | AD3: 評価④ | AE3: 評価⑤ | AF3: 評価① | AG3: 評価② | AH3: 評価③ | AI3: 評価④ | AJ3: 評価⑤ | AK3: 評価① | AL3: 評価② | AM3: 評価③ | AN3: 評価④ | AO3: 評価⑤
A4: L1 | B4: =E!B3 | C4: =E!C3 | D4: =E!D3 | E4: =E!E3 | F4: =E!F3 | G4: ='R'!B3 | H4: ='R'!C3 | I4: ='R'!D3 | J4: ='R'!E3 | K4: ='R'!F3 | L4: =W!B3 | M4: =W!C3 | N4: =W!D3 | O4: =W!E3 | P4: =W!F3 | Q4: =D!B3 | R4: =D!C3 | S4: =D!D3 | T4: =D!E3 | U4: =D!F3 | V4: =Ni!B3 | W4: =Ni!C3 | X4: =Ni!D3 | Y4: =Ni!E3 | Z4: =Ni!F3 | AA4: =B!B3 | AB4: =B!C3 | AC4: =B!D3 | AD4: =B!E3 | AE4: =B!F3 | AF4: =Nm!B3 | AG4: =Nm!C3 | AH4: =Nm!D3 | AI4: =Nm!E3 | AJ4: =Nm!F3 | AK4: =N!B3 | AL4: =N!C3 | AM4: =N!D3 | AN4: =N!E3 | AO4: =N!F3
A5: L2 | B5: =E!B4 | C5: =E!C4 | D5: =E!D4 | E5: =E!E4 | F5: =E!F4 | G5: ='R'!B4 | H5: ='R'!C4 | I5: ='R'!D4 | J5: ='R'!E4 | K5: ='R'!F4 | L5: =W!B4 | M5: =W!C4 | N5: =W!D4 | O5: =W!E4 | P5: =W!F4 | Q5: =D!B4 | R5: =D!C4 | S5: =D!D4 | T5: =D!E4 | U5: =D!F4 | V5: =Ni!B4 | W5: =Ni!C4 | X5: =Ni!D4 | Y5: =Ni!E4 | Z5: =Ni!F4 | AA5: =B!B4 | AB5: =B!C4 | AC5: =B!D4 | AD5: =B!E4 | AE5: =B!F4 | AF5: =Nm!B4 | AG5: =Nm!C4 | AH5: =Nm!D4 | AI5: =Nm!E4 | AJ5: =Nm!F4 | AK5: =N!B4 | AL5: =N!C4 | AM5: =N!D4 | AN5: =N!E4 | AO5: =N!F4
A6: G1 | B6: =E!B5 | C6: =E!C5 | D6: =E!D5 | E6: =E!E5 | F6: =E!F5 | G6: ='R'!B5 | H6: ='R'!C5 | I6: ='R'!D5 | J6: ='R'!E5 | K6: ='R'!F5 | L6: =W!B5 | M6: =W!C5 | N6: =W!D5 | O6: =W!E5 | P6: =W!F5 | Q6: =D!B5 | R6: =D!C5 | S6: =D!D5 | T6: =D!E5 | U6: =D!F5 | V6: =Ni!B5 | W6: =Ni!C5 | X6: =Ni!D5 | Y6: =Ni!E5 | Z6: =Ni!F5 | AA6: =B!B5 | AB6: =B!C5 | AC6: =B!D5 | AD6: =B!E5 | AE6: =B!F5 | AF6: =Nm!B5 | AG6: =Nm!C5 | AH6: =Nm!D5 | AI6: =Nm!E5 | AJ6: =Nm!F5 | AK6: =N!B5 | AL6: =N!C5 | AM6: =N!D5 | AN6: =N!E5 | AO6: =N!F5
A7: G2 | B7: =E!B6 | C7: =E!C6 | D7: =E!D6 | E7: =E!E6 | F7: =E!F6 | G7: ='R'!B6 | H7: ='R'!C6 | I7: ='R'!D6 | J7: ='R'!E6 | K7: ='R'!F6 | L7: =W!B6 | M7: =W!C6 | N7: =W!D6 | O7: =W!E6 | P7: =W!F6 | Q7: =D!B6 | R7: =D!C6 | S7: =D!D6 | T7: =D!E6 | U7: =D!F6 | V7: =Ni!B6 | W7: =Ni!C6 | X7: =Ni!D6 | Y7: =Ni!E6 | Z7: =Ni!F6 | AA7: =B!B6 | AB7: =B!C6 | AC7: =B!D6 | AD7: =B!E6 | AE7: =B!F6 | AF7: =Nm!B6 | AG7: =Nm!C6 | AH7: =Nm!D6 | AI7: =Nm!E6 | AJ7: =Nm!F6 | AK7: =N!B6 | AL7: =N!C6 | AM7: =N!D6 | AN7: =N!E6 | AO7: =N!F6
A8: S1 | B8: =E!B7 | C8: =E!C7 | D8: =E!D7 | E8: =E!E7 | F8: =E!F7 | G8: ='R'!B7 | H8: ='R'!C7 | I8: ='R'!D7 | J8: ='R'!E7 | K8: ='R'!F7 | L8: =W!B7 | M8: =W!C7 | N8: =W!D7 | O8: =W!E7 | P8: =W!F7 | Q8: =D!B7 | R8: =D!C7 | S8: =D!D7 | T8: =D!E7 | U8: =D!F7 | V8: =Ni!B7 | W8: =Ni!C7 | X8: =Ni!D7 | Y8: =Ni!E7 | Z8: =Ni!F7 | AA8: =B!B7 | AB8: =B!C7 | AC8: =B!D7 | AD8: =B!E7 | AE8: =B!F7 | AF8: =Nm!B7 | AG8: =Nm!C7 | AH8: =Nm!D7 | AI8: =Nm!E7 | AJ8: =Nm!F7 | AK8: =N!B7 | AL8: =N!C7 | AM8: =N!D7 | AN8: =N!E7 | AO8: =N!F7
A9: S2 | B9: =E!B8 | C9: =E!C8 | D9: =E!D8 | E9: =E!E8 | F9: =E!F8 | G9: ='R'!B8 | H9: ='R'!C8 | I9: ='R'!D8 | J9: ='R'!E8 | K9: ='R'!F8 | L9: =W!B8 | M9: =W!C8 | N9: =W!D8 | O9: =W!E8 | P9: =W!F8 | Q9: =D!B8 | R9: =D!C8 | S9: =D!D8 | T9: =D!E8 | U9: =D!F8 | V9: =Ni!B8 | W9: =Ni!C8 | X9: =Ni!D8 | Y9: =Ni!E8 | Z9: =Ni!F8 | AA9: =B!B8 | AB9: =B!C8 | AC9: =B!D8 | AD9: =B!E8 | AE9: =B!F8 | AF9: =Nm!B8 | AG9: =Nm!C8 | AH9: =Nm!D8 | AI9: =Nm!E8 | AJ9: =Nm!F8 | AK9: =N!B8 | AL9: =N!C8 | AM9: =N!D8 | AN9: =N!E8 | AO9: =N!F8
A10: S3 | B10: =E!B9 | C10: =E!C9 | D10: =E!D9 | E10: =E!E9 | F10: =E!F9 | G10: ='R'!B9 | H10: ='R'!C9 | I10: ='R'!D9 | J10: ='R'!E9 | K10: ='R'!F9 | L10: =W!B9 | M10: =W!C9 | N10: =W!D9 | O10: =W!E9 | P10: =W!F9 | Q10: =D!B9 | R10: =D!C9 | S10: =D!D9 | T10: =D!E9 | U10: =D!F9 | V10: =Ni!B9 | W10: =Ni!C9 | X10: =Ni!D9 | Y10: =Ni!E9 | Z10: =Ni!F9 | AA10: =B!B9 | AB10: =B!C9 | AC10: =B!D9 | AD10: =B!E9 | AE10: =B!F9 | AF10: =Nm!B9 | AG10: =Nm!C9 | AH10: =Nm!D9 | AI10: =Nm!E9 | AJ10: =Nm!F9 | AK10: =N!B9 | AL10: =N!C9 | AM10: =N!D9 | AN10: =N!E9 | AO10: =N!F9
A11: B1 | B11: =E!B10 | C11: =E!C10 | D11: =E!D10 | E11: =E!E10 | F11: =E!F10 | G11: ='R'!B10 | H11: ='R'!C10 | I11: ='R'!D10 | J11: ='R'!E10 | K11: ='R'!F10 | L11: =W!B10 | M11: =W!C10 | N11: =W!D10 | O11: =W!E10 | P11: =W!F10 | Q11: =D!B10 | R11: =D!C10 | S11: =D!D10 | T11: =D!E10 | U11: =D!F10 | V11: =Ni!B10 | W11: =Ni!C10 | X11: =Ni!D10 | Y11: =Ni!E10 | Z11: =Ni!F10 | AA11: =B!B10 | AB11: =B!C10 | AC11: =B!D10 | AD11: =B!E10 | AE11: =B!F10 | AF11: =Nm!B10 | AG11: =Nm!C10 | AH11: =Nm!D10 | AI11: =Nm!E10 | AJ11: =Nm!F10 | AK11: =N!B10 | AL11: =N!C10 | AM11: =N!D10 | AN11: =N!E10 | AO11: =N!F10
A12: B2 | B12: =E!B11 | C12: =E!C11 | D12: =E!D11 | E12: =E!E11 | F12: =E!F11 | G12: ='R'!B11 | H12: ='R'!C11 | I12: ='R'!D11 | J12: ='R'!E11 | K12: ='R'!F11 | L12: =W!B11 | M12: =W!C11 | N12: =W!D11 | O12: =W!E11 | P12: =W!F11 | Q12: =D!B11 | R12: =D!C11 | S12: =D!D11 | T12: =D!E11 | U12: =D!F11 | V12: =Ni!B11 | W12: =Ni!C11 | X12: =Ni!D11 | Y12: =Ni!E11 | Z12: =Ni!F11 | AA12: =B!B11 | AB12: =B!C11 | AC12: =B!D11 | AD12: =B!E11 | AE12: =B!F11 | AF12: =Nm!B11 | AG12: =Nm!C11 | AH12: =Nm!D11 | AI12: =Nm!E11 | AJ12: =Nm!F11 | AK12: =N!B11 | AL12: =N!C11 | AM12: =N!D11 | AN12: =N!E11 | AO12: =N!F11
A13: B3 | B13: =E!B12 | C13: =E!C12 | D13: =E!D12 | E13: =E!E12 | F13: =E!F12 | G13: ='R'!B12 | H13: ='R'!C12 | I13: ='R'!D12 | J13: ='R'!E12 | K13: ='R'!F12 | L13: =W!B12 | M13: =W!C12 | N13: =W!D12 | O13: =W!E12 | P13: =W!F12 | Q13: =D!B12 | R13: =D!C12 | S13: =D!D12 | T13: =D!E12 | U13: =D!F12 | V13: =Ni!B12 | W13: =Ni!C12 | X13: =Ni!D12 | Y13: =Ni!E12 | Z13: =Ni!F12 | AA13: =B!B12 | AB13: =B!C12 | AC13: =B!D12 | AD13: =B!E12 | AE13: =B!F12 | AF13: =Nm!B12 | AG13: =Nm!C12 | AH13: =Nm!D12 | AI13: =Nm!E12 | AJ13: =Nm!F12 | AK13: =N!B12 | AL13: =N!C12 | AM13: =N!D12 | AN13: =N!E12 | AO13: =N!F12
A14: クラス評価 | B14: =E!B13 | C14: =E!C13 | D14: =E!D13 | E14: =E!E13 | F14: =E!F13 | G14: ='R'!B13 | H14: ='R'!C13 | I14: ='R'!D13 | J14: ='R'!E13 | K14: ='R'!F13 | L14: =W!B13 | M14: =W!C13 | N14: =W!D13 | O14: =W!E13 | P14: =W!F13 | Q14: =D!B13 | R14: =D!C13 | S14: =D!D13 | T14: =D!E13 | U14: =D!F13 | V14: =Ni!B13 | W14: =Ni!C13 | X14: =Ni!D13 | Y14: =Ni!E13 | Z14: =Ni!F13 | AA14: =B!B13 | AB14: =B!C13 | AC14: =B!D13 | AD14: =B!E13 | AE14: =B!F13 | AF14: =Nm!B13 | AG14: =Nm!C13 | AH14: =Nm!D13 | AI14: =Nm!E13 | AJ14: =Nm!F13 | AK14: =N!B13 | AL14: =N!C13 | AM14: =N!D13 | AN14: =N!E13 | AO14: =N!F13
